광고,구입
B,하지 않았다
B,하지 않았다
A,했다
A,했다
B,하지 않았다
B,하지 않았다
B,하지 않았다
B,하지 않았다
B,했다
B,하지 않았다
A,하지 않았다
B,하지 않았다
B,하지 않았다
B,하지 않았다
B,하지 않았다
A,하지 않았다
B,하지 않았다
A,하지 않았다
A,하지 않았다
A,하지 않았다
A,하지 않았다
B,하지 않았다
A,하지 않았다
B,하지 않았다
A,했다
B,하지 않았다
B,하지 않았다
A,하지 않았다
A,하지 않았다
A,하지 않았다
A,하지 않았다
B,하지 않았다
B,하지 않았다
B,하지 않았다
B,하지 않았다
B,하지 않았다
A,하지 않았다
A,하지 않았다
A,하지 않았다
B,하지 않았다
A,하지 않았다
A,하지 않았다
A,하지 않았다
A,하지 않았다
B,하지 않았다
B,했다
A,하지 않았다
B,하지 않았다
A,하지 않았다
A,하지 않았다
B,하지 않았다
B,하지 않았다
A,했다
B,하지 않았다
A,하지 않았다
B,하지 않았다
B,하지 않았다
A,하지 않았다
B,하지 않았다
B,하지 않았다
A,하지 않았다
B,했다
B,하지 않았다
A,하지 않았다
B,하지 않았다
A,하지 않았다
B,했다
B,하지 않았다
B,하지 않았다
B,하지 않았다
A,하지 않았다
B,하지 않았다
B,하지 않았다
A,했다
B,하지 않았다
A,하지 않았다
A,하지 않았다
B,하지 않았다
B,하지 않았다
B,했다
A,하지 않았다
A,하지 않았다
A,하지 않았다
B,하지 않았다
A,하지 않았다
A,하지 않았다
B,하지 않았다
B,했다
B,했다
A,하지 않았다
B,하지 않았다
B,하지 않았다
A,하지 않았다
A,하지 않았다
A,하지 않았다
A,하지 않았다
B,하지 않았다
B,하지 않았다
A,하지 않았다
B,하지 않았다
B,하지 않았다
B,하지 않았다
B,하지 않았다
B,하지 않았다
A,하지 않았다
A,했다
A,하지 않았다
A,하지 않았다
A,하지 않았다
B,하지 않았다
B,하지 않았다
B,하지 않았다
B,하지 않았다
A,하지 않았다
B,하지 않았다
B,했다
B,하지 않았다
B,하지 않았다
A,하지 않았다
B,하지 않았다
B,하지 않았다
A,하지 않았다
A,하지 않았다
A,하지 않았다
A,하지 않았다
A,하지 않았다
A,하지 않았다
A,하지 않았다
B,하지 않았다
A,하지 않았다
A,하지 않았다
B,하지 않았다
A,하지 않았다
A,했다
B,하지 않았다
B,하지 않았다
A,하지 않았다
B,했다
B,하지 않았다
A,하지 않았다
A,하지 않았다
A,하지 않았다
A,하지 않았다
B,하지 않았다
B,하지 않았다
B,하지 않았다
A,하지 않았다
B,하지 않았다
A,하지 않았다
B,했다
A,하지 않았다
B,하지 않았다
A,하지 않았다
A,하지 않았다
A,하지 않았다
B,하지 않았다
B,하지 않았다
B,했다
B,하지 않았다
B,하지 않았다
B,하지 않았다
A,하지 않았다
B,하지 않았다
B,하지 않았다
B,하지 않았다
B,하지 않았다
B,하지 않았다
B,하지 않았다
B,하지 않았다
A,하지 않았다
A,하지 않았다
B,하지 않았다
B,하지 않았다
B,하지 않았다
B,하지 않았다
B,하지 않았다
B,하지 않았다
B,하지 않았다
A,하지 않았다
B,하지 않았다
A,하지 않았다
B,하지 않았다
B,하지 않았다
B,하지 않았다
A,하지 않았다
A,하지 않았다
A,하지 않았다
B,하지 않았다
B,하지 않았다
B,하지 않았다
B,하지 않았다
A,하지 않았다
A,하지 않았다
B,하지 않았다
B,하지 않았다
B,하지 않았다
B,하지 않았다
B,하지 않았다
A,하지 않았다
A,하지 않았다
A,하지 않았다
B,하지 않았다
B,하지 않았다
B,하지 않았다
A,하지 않았다
A,하지 않았다
B,하지 않았다
B,하지 않았다
B,하지 않았다
A,하지 않았다
B,하지 않았다
B,하지 않았다
B,하지 않았다
B,하지 않았다
B,하지 않았다
B,하지 않았다
A,하지 않았다
B,하지 않았다
B,하지 않았다
B,했다
A,하지 않았다
A,하지 않았다
B,하지 않았다
B,하지 않았다
B,하지 않았다
B,하지 않았다
B,하지 않았다
A,하지 않았다
B,했다
A,하지 않았다
B,하지 않았다
B,하지 않았다
B,하지 않았다
B,하지 않았다
B,하지 않았다
A,하지 않았다
A,하지 않았다
B,하지 않았다
B,하지 않았다
B,하지 않았다
B,하지 않았다
B,하지 않았다
A,하지 않았다
B,하지 않았다
B,하지 않았다
A,하지 않았다
B,하지 않았다
A,하지 않았다
A,하지 않았다
B,하지 않았다
B,하지 않았다
A,했다
A,하지 않았다
B,하지 않았다
B,하지 않았다
A,하지 않았다
B,하지 않았다
B,하지 않았다
A,하지 않았다
A,하지 않았다
B,하지 않았다
B,하지 않았다
B,하지 않았다
A,하지 않았다
B,하지 않았다
A,하지 않았다
A,하지 않았다
B,하지 않았다
B,하지 않았다
A,하지 않았다
A,하지 않았다
B,했다
B,하지 않았다
B,하지 않았다
B,하지 않았다
A,하지 않았다
B,하지 않았다
B,했다
B,하지 않았다
B,하지 않았다
B,하지 않았다
B,했다
A,하지 않았다
B,하지 않았다
B,하지 않았다
A,하지 않았다
A,하지 않았다
B,하지 않았다
B,하지 않았다
B,하지 않았다
B,하지 않았다
A,하지 않았다
A,했다
A,하지 않았다
A,했다
B,하지 않았다
B,하지 않았다
B,하지 않았다
B,하지 않았다
A,하지 않았다
A,하지 않았다
B,하지 않았다
A,하지 않았다
B,하지 않았다
A,하지 않았다
B,하지 않았다
A,하지 않았다
B,하지 않았다
A,하지 않았다
B,하지 않았다
A,하지 않았다
B,하지 않았다
A,하지 않았다
B,하지 않았다
A,하지 않았다
B,했다
A,하지 않았다
B,하지 않았다
B,하지 않았다
A,하지 않았다
B,하지 않았다
A,하지 않았다
B,하지 않았다
B,하지 않았다
A,하지 않았다
B,하지 않았다
B,하지 않았다
A,하지 않았다
B,하지 않았다
B,하지 않았다
A,하지 않았다
A,했다
A,하지 않았다
B,했다
B,하지 않았다
B,하지 않았다
A,하지 않았다
B,하지 않았다
A,하지 않았다
A,하지 않았다
B,하지 않았다
B,하지 않았다
A,했다
B,하지 않았다
B,하지 않았다
A,하지 않았다
B,했다
B,하지 않았다
A,하지 않았다
B,하지 않았다
B,하지 않았다
A,하지 않았다
A,하지 않았다
B,하지 않았다
B,하지 않았다
B,하지 않았다
A,했다
A,했다
B,하지 않았다
B,하지 않았다
B,하지 않았다
B,하지 않았다
B,하지 않았다
B,하지 않았다
A,하지 않았다
A,하지 않았다
B,하지 않았다
B,하지 않았다
B,하지 않았다
B,하지 않았다
B,하지 않았다
A,하지 않았다
B,하지 않았다
B,하지 않았다
A,했다
A,하지 않았다
A,하지 않았다
B,하지 않았다
A,하지 않았다
B,하지 않았다
A,하지 않았다
B,하지 않았다
B,하지 않았다
B,하지 않았다
B,하지 않았다
B,하지 않았다
A,하지 않았다
A,했다
B,하지 않았다
B,하지 않았다
B,하지 않았다
B,했다
B,하지 않았다
B,하지 않았다
B,하지 않았다
A,하지 않았다
A,하지 않았다
B,하지 않았다
B,하지 않았다
B,하지 않았다
A,하지 않았다
A,하지 않았다
B,하지 않았다
A,하지 않았다
B,하지 않았다
A,하지 않았다
B,하지 않았다
B,했다
A,하지 않았다
B,하지 않았다
B,했다
A,하지 않았다
A,하지 않았다
B,하지 않았다
B,하지 않았다
B,하지 않았다
B,하지 않았다
B,하지 않았다
B,하지 않았다
A,하지 않았다
A,하지 않았다
A,하지 않았다
B,하지 않았다
A,했다
B,하지 않았다
B,하지 않았다
A,하지 않았다
B,하지 않았다
A,하지 않았다
B,하지 않았다
B,하지 않았다
B,하지 않았다
B,하지 않았다
A,하지 않았다
B,하지 않았다
B,하지 않았다
B,하지 않았다
A,하지 않았다
A,하지 않았다
B,했다
B,하지 않았다
B,하지 않았다
A,했다
B,하지 않았다
B,하지 않았다
A,하지 않았다
B,하지 않았다
B,하지 않았다
A,하지 않았다
A,하지 않았다
B,하지 않았다
B,하지 않았다
B,하지 않았다
A,하지 않았다
B,하지 않았다
A,했다
A,하지 않았다
B,하지 않았다
B,하지 않았다
A,했다
A,하지 않았다
B,하지 않았다
B,하지 않았다
B,하지 않았다
A,하지 않았다
A,하지 않았다
B,했다
A,하지 않았다
B,하지 않았다
B,하지 않았다
A,하지 않았다
B,했다
B,했다
B,하지 않았다
B,하지 않았다
B,하지 않았다
A,하지 않았다
B,하지 않았다
A,하지 않았다
A,하지 않았다
B,했다
A,하지 않았다
A,하지 않았다
A,했다
B,하지 않았다
B,하지 않았다
B,하지 않았다
A,하지 않았다
B,하지 않았다
B,했다
B,하지 않았다
B,하지 않았다
A,하지 않았다
B,하지 않았다
B,하지 않았다
A,하지 않았다
B,하지 않았다
A,하지 않았다
A,하지 않았다
B,하지 않았다
B,하지 않았다
B,하지 않았다
A,하지 않았다
B,하지 않았다
A,하지 않았다
B,하지 않았다
B,하지 않았다
B,하지 않았다
A,하지 않았다
B,하지 않았다
A,하지 않았다
B,하지 않았다
B,하지 않았다
A,했다
B,하지 않았다
A,하지 않았다
B,하지 않았다
B,하지 않았다
B,하지 않았다
A,하지 않았다
B,하지 않았다
B,했다
B,하지 않았다
A,하지 않았다
A,하지 않았다
B,하지 않았다
B,하지 않았다
A,하지 않았다
A,하지 않았다
A,하지 않았다
B,하지 않았다
B,하지 않았다
A,하지 않았다
B,했다
B,하지 않았다
B,하지 않았다
A,하지 않았다
A,하지 않았다
A,했다
A,하지 않았다
B,하지 않았다
B,하지 않았다
B,하지 않았다
B,했다
B,하지 않았다
B,하지 않았다
B,하지 않았다
B,하지 않았다
A,하지 않았다
B,했다
B,했다
B,하지 않았다
B,하지 않았다
B,하지 않았다
B,하지 않았다
B,하지 않았다
B,하지 않았다
B,하지 않았다
A,했다
B,하지 않았다
A,하지 않았다
B,하지 않았다
A,하지 않았다
B,하지 않았다
B,하지 않았다
A,하지 않았다
A,하지 않았다
A,하지 않았다
B,하지 않았다
A,하지 않았다
B,했다
B,하지 않았다
B,했다
B,하지 않았다
B,했다
B,하지 않았다
A,하지 않았다
A,하지 않았다
A,하지 않았다
B,하지 않았다
A,하지 않았다
B,하지 않았다
A,하지 않았다
B,하지 않았다
B,하지 않았다
B,하지 않았다
B,하지 않았다
B,하지 않았다
B,하지 않았다
B,하지 않았다
A,하지 않았다
B,하지 않았다
B,하지 않았다
B,하지 않았다
B,하지 않았다
B,하지 않았다
B,하지 않았다
B,하지 않았다
B,하지 않았다
B,하지 않았다
B,하지 않았다
B,하지 않았다
B,하지 않았다
B,하지 않았다
B,하지 않았다
B,했다
A,했다
A,하지 않았다
B,하지 않았다
A,하지 않았다
B,하지 않았다
A,하지 않았다
B,하지 않았다
A,하지 않았다
B,하지 않았다
A,하지 않았다
B,하지 않았다
A,하지 않았다
A,하지 않았다
A,했다
B,했다
A,하지 않았다
B,하지 않았다
B,하지 않았다
B,하지 않았다
B,하지 않았다
A,했다
A,하지 않았다
B,하지 않았다
B,하지 않았다
B,하지 않았다
A,하지 않았다
B,하지 않았다
B,하지 않았다
A,하지 않았다
A,하지 않았다
B,하지 않았다
A,하지 않았다
B,하지 않았다
A,하지 않았다
B,하지 않았다
A,하지 않았다
B,하지 않았다
A,하지 않았다
B,하지 않았다
A,하지 않았다
B,하지 않았다
B,하지 않았다
B,하지 않았다
B,하지 않았다
B,하지 않았다
B,하지 않았다
B,했다
B,하지 않았다
A,하지 않았다
A,했다
B,하지 않았다
B,하지 않았다
A,하지 않았다
B,하지 않았다
B,하지 않았다
A,하지 않았다
A,하지 않았다
A,하지 않았다
B,하지 않았다
B,하지 않았다
B,하지 않았다
A,하지 않았다
A,하지 않았다
A,하지 않았다
A,하지 않았다
B,하지 않았다
B,하지 않았다
B,하지 않았다
A,하지 않았다
B,하지 않았다
B,하지 않았다
A,하지 않았다
A,했다
B,하지 않았다
A,하지 않았다
B,하지 않았다
B,하지 않았다
B,하지 않았다
A,했다
A,하지 않았다
A,하지 않았다
A,하지 않았다
B,하지 않았다
A,하지 않았다
B,하지 않았다
B,하지 않았다
B,하지 않았다
B,하지 않았다
B,하지 않았다
B,하지 않았다
A,하지 않았다
A,하지 않았다
B,하지 않았다
A,하지 않았다
A,했다
B,하지 않았다
B,하지 않았다
B,했다
B,하지 않았다
B,하지 않았다
A,하지 않았다
A,하지 않았다
B,하지 않았다
B,했다
B,하지 않았다
B,하지 않았다
A,하지 않았다
B,하지 않았다
B,하지 않았다
B,하지 않았다
A,하지 않았다
B,하지 않았다
A,하지 않았다
B,하지 않았다
B,하지 않았다
A,하지 않았다
B,하지 않았다
B,하지 않았다
A,하지 않았다
B,하지 않았다
A,하지 않았다
A,하지 않았다
B,하지 않았다
A,하지 않았다
A,하지 않았다
A,하지 않았다
B,했다
A,하지 않았다
A,하지 않았다
A,하지 않았다
A,했다
A,하지 않았다
A,하지 않았다
A,하지 않았다
B,하지 않았다
A,하지 않았다
B,하지 않았다
A,하지 않았다
A,하지 않았다
B,하지 않았다
B,하지 않았다
A,하지 않았다
B,하지 않았다
A,하지 않았다
A,하지 않았다
B,하지 않았다
B,하지 않았다
B,했다
A,하지 않았다
A,하지 않았다
A,하지 않았다
A,했다
B,하지 않았다
B,했다
B,하지 않았다
B,하지 않았다
A,하지 않았다
A,하지 않았다
A,했다
B,하지 않았다
A,하지 않았다
B,하지 않았다
A,하지 않았다
B,하지 않았다
B,하지 않았다
B,하지 않았다
B,하지 않았다
B,하지 않았다
B,하지 않았다
B,하지 않았다
A,하지 않았다
A,하지 않았다
A,하지 않았다
A,하지 않았다
B,했다
A,했다
B,했다
B,하지 않았다
B,하지 않았다
B,하지 않았다
B,하지 않았다
B,하지 않았다
B,하지 않았다
B,하지 않았다
B,하지 않았다
B,하지 않았다
A,했다
A,하지 않았다
A,하지 않았다
B,하지 않았다
B,하지 않았다
A,하지 않았다
A,했다
B,하지 않았다
B,하지 않았다
B,하지 않았다
B,하지 않았다
B,하지 않았다
A,하지 않았다
B,하지 않았다
B,하지 않았다
A,하지 않았다
B,하지 않았다
A,하지 않았다
A,하지 않았다
B,하지 않았다
A,하지 않았다
B,하지 않았다
B,하지 않았다
B,하지 않았다
B,하지 않았다
B,하지 않았다
B,하지 않았다
A,하지 않았다
B,하지 않았다
B,하지 않았다
A,하지 않았다
A,하지 않았다
A,하지 않았다
B,하지 않았다
B,하지 않았다
A,하지 않았다
A,하지 않았다
B,하지 않았다
A,했다
A,하지 않았다
B,하지 않았다
B,하지 않았다
A,하지 않았다
B,했다
B,하지 않았다
A,하지 않았다
A,하지 않았다
A,했다
B,하지 않았다
A,하지 않았다
A,하지 않았다
A,하지 않았다
A,하지 않았다
A,하지 않았다
B,하지 않았다
B,하지 않았다
B,하지 않았다
A,하지 않았다
A,했다
B,하지 않았다
A,하지 않았다
A,하지 않았다
B,하지 않았다
B,하지 않았다
B,하지 않았다
A,하지 않았다
B,하지 않았다
B,하지 않았다
B,하지 않았다
B,하지 않았다
A,하지 않았다
A,하지 않았다
B,하지 않았다
A,하지 않았다
A,하지 않았다
A,하지 않았다
B,하지 않았다
A,하지 않았다
A,하지 않았다
A,하지 않았다
B,하지 않았다
A,하지 않았다
B,하지 않았다
B,하지 않았다
A,하지 않았다
B,하지 않았다
A,하지 않았다
A,하지 않았다
B,하지 않았다
B,하지 않았다
A,하지 않았다
A,하지 않았다
A,하지 않았다
B,하지 않았다
A,하지 않았다
B,하지 않았다
B,하지 않았다
B,하지 않았다
B,하지 않았다
B,하지 않았다
A,했다
A,하지 않았다
A,하지 않았다
B,했다
B,하지 않았다
B,하지 않았다
A,하지 않았다
B,하지 않았다
B,하지 않았다
B,하지 않았다
B,하지 않았다
B,하지 않았다
A,하지 않았다
A,하지 않았다
B,하지 않았다
B,하지 않았다
B,하지 않았다
B,하지 않았다
B,하지 않았다
B,하지 않았다
A,하지 않았다
B,하지 않았다
A,했다
B,하지 않았다
A,하지 않았다
A,하지 않았다
A,하지 않았다
A,하지 않았다
A,하지 않았다
B,하지 않았다
B,하지 않았다
A,했다
B,하지 않았다
B,하지 않았다
B,하지 않았다
B,하지 않았다
A,하지 않았다
B,하지 않았다
B,하지 않았다
B,하지 않았다
B,하지 않았다
B,하지 않았다
B,하지 않았다
A,하지 않았다
B,하지 않았다
B,하지 않았다
B,하지 않았다
A,하지 않았다
A,하지 않았다
B,하지 않았다
A,했다
A,하지 않았다
A,하지 않았다
A,하지 않았다
B,하지 않았다
B,했다
B,하지 않았다
B,했다
B,하지 않았다
B,하지 않았다
B,하지 않았다
B,하지 않았다
B,하지 않았다
B,하지 않았다
A,했다
B,하지 않았다
A,하지 않았다
A,하지 않았다
B,하지 않았다
B,하지 않았다
A,하지 않았다
A,하지 않았다
B,하지 않았다
B,하지 않았다
A,하지 않았다
B,하지 않았다
A,하지 않았다
B,하지 않았다
B,하지 않았다
B,하지 않았다
A,하지 않았다
B,하지 않았다
A,하지 않았다
B,하지 않았다
A,하지 않았다
A,하지 않았다
B,했다
B,하지 않았다
A,했다
B,하지 않았다
B,하지 않았다
B,하지 않았다
A,하지 않았다
A,하지 않았다
B,하지 않았다
B,하지 않았다
A,했다
B,하지 않았다
A,하지 않았다
B,하지 않았다
A,했다
A,하지 않았다
B,하지 않았다
B,하지 않았다
B,하지 않았다
B,하지 않았다
B,하지 않았다
A,했다
